364.720,364.730,364.753,364.793,364.833,364.867,364.890,364.907,364.920,364.930,364.933,364.930,364.923,364.917,364.910,364.900,364.890,364.883,364.877,364.867,364.853,364.840,364.840,364.847,364.860,364.863,364.867,364.873,364.893,364.923,364.953,364.980,365.000,365.020,365.037,365.050,365.060,365.070,365.073,365.067,365.043,365.013,364.983,364.960,364.943,364.930,364.923,364.927,364.947,364.977,365.007,365.023,365.027,365.017,365.000,364.987,364.977,364.977,364.980,364.990,364.997,364.997,364.993,364.993,365.000,365.010,365.017,365.017,365.003,364.980,364.943,364.903,364.857,364.817,364.777,364.753
341.870,341.880,341.907,341.950,341.993,342.030,342.057,342.077,342.090,342.100,342.103,342.100,342.093,342.087,342.080,342.067,342.057,342.050,342.043,342.030,342.013,342.000,342.000,342.007,342.020,342.027,342.030,342.040,342.060,342.093,342.123,342.150,342.173,342.197,342.217,342.230,342.243,342.253,342.257,342.247,342.223,342.190,342.157,342.133,342.117,342.103,342.093,342.097,342.117,342.150,342.183,342.203,342.203,342.190,342.173,342.163,342.157,342.157,342.160,342.170,342.173,342.173,342.170,342.173,342.180,342.187,342.193,342.190,342.180,342.153,342.117,342.070,342.020,341.973,341.930,341.903
321.917,321.927,321.953,322.000,322.047,322.087,322.117,322.137,322.153,322.163,322.170,322.167,322.160,322.150,322.140,322.130,322.120,322.113,322.103,322.087,322.067,322.053,322.057,322.067,322.080,322.083,322.087,322.097,322.123,322.160,322.193,322.223,322.247,322.273,322.293,322.310,322.323,322.333,322.337,322.327,322.300,322.263,322.227,322.200,322.180,322.163,322.153,322.160,322.183,322.220,322.253,322.277,322.280,322.267,322.247,322.233,322.227,322.227,322.230,322.240,322.243,322.243,322.240,322.243,322.250,322.260,322.267,322.267,322.253,322.223,322.180,322.130,322.080,322.030,321.983,321.953
304.487,304.497,304.527,304.580,304.633,304.677,304.707,304.730,304.747,304.760,304.763,304.760,304.750,304.740,304.730,304.720,304.710,304.703,304.690,304.673,304.653,304.640,304.643,304.650,304.667,304.670,304.677,304.687,304.713,304.753,304.790,304.823,304.850,304.877,304.897,304.913,304.930,304.947,304.950,304.940,304.910,304.870,304.830,304.800,304.780,304.760,304.750,304.753,304.780,304.820,304.860,304.883,304.883,304.870,304.850,304.837,304.827,304.827,304.830,304.840,304.847,304.847,304.843,304.847,304.857,304.867,304.870,304.867,304.853,304.823,304.777,304.723,304.667,304.613,304.560,304.527
289.267,289.277,289.307,289.363,289.423,289.473,289.507,289.530,289.547,289.560,289.563,289.560,289.553,289.543,289.533,289.517,289.507,289.497,289.487,289.467,289.447,289.433,289.437,289.447,289.460,289.467,289.470,289.483,289.510,289.553,289.593,289.630,289.660,289.690,289.713,289.733,289.750,289.767,289.770,289.757,289.723,289.680,289.637,289.603,289.580,289.563,289.553,289.560,289.587,289.630,289.670,289.697,289.697,289.683,289.660,289.647,289.637,289.637,289.643,289.657,289.663,289.660,289.653,289.657,289.667,289.680,289.687,289.683,289.667,289.633,289.583,289.523,289.460,289.400,289.343,289.307
275.967,275.980,276.017,276.080,276.143,276.197,276.233,276.260,276.280,276.297,276.303,276.300,276.290,276.277,276.263,276.247,276.233,276.223,276.213,276.197,276.173,276.157,276.160,276.170,276.187,276.190,276.197,276.210,276.243,276.290,276.333,276.370,276.403,276.437,276.463,276.483,276.500,276.517,276.520,276.507,276.473,276.427,276.380,276.343,276.320,276.300,276.287,276.290,276.320,276.370,276.417,276.443,276.443,276.427,276.403,276.387,276.377,276.377,276.383,276.397,276.403,276.400,276.393,276.397,276.407,276.420,276.427,276.427,276.410,276.373,276.317,276.253,276.187,276.123,276.060,276.020
264.357,264.370,264.410,264.480,264.550,264.607,264.647,264.677,264.700,264.717,264.723,264.720,264.710,264.697,264.683,264.667,264.653,264.643,264.630,264.607,264.577,264.557,264.560,264.573,264.593,264.600,264.607,264.620,264.657,264.707,264.757,264.797,264.833,264.870,264.900,264.923,264.940,264.960,264.963,264.950,264.910,264.860,264.810,264.770,264.743,264.720,264.707,264.710,264.743,264.797,264.850,264.880,264.880,264.860,264.833,264.817,264.803,264.803,264.810,264.827,264.833,264.830,264.823,264.827,264.840,264.857,264.867,264.863,264.843,264.800,264.740,264.670,264.597,264.523,264.453,264.410
253.717,253.733,253.777,253.850,253.927,253.990,254.037,254.067,254.090,254.107,254.113,254.110,254.100,254.087,254.073,254.053,254.037,254.023,254.010,253.987,253.957,253.937,253.940,253.953,253.973,253.980,253.987,254.003,254.043,254.100,254.153,254.200,254.240,254.280,254.310,254.337,254.357,254.377,254.380,254.363,254.323,254.267,254.210,254.167,254.137,254.113,254.097,254.103,254.140,254.197,254.250,254.283,254.287,254.267,254.237,254.217,254.203,254.203,254.210,254.230,254.240,254.237,254.230,254.233,254.247,254.260,254.270,254.267,254.247,254.200,254.137,254.060,253.977,253.897,253.823,253.780
243.437,243.453,243.500,243.580,243.663,243.733,243.783,243.817,243.843,243.860,243.867,243.860,243.850,243.837,243.823,243.803,243.787,243.773,243.757,243.730,243.697,243.677,243.680,243.697,243.720,243.727,243.730,243.747,243.790,243.853,243.910,243.960,244.003,244.047,244.083,244.110,244.133,244.153,244.160,244.143,244.097,244.037,243.973,243.927,243.890,243.863,243.850,243.857,243.897,243.957,244.020,244.057,244.060,244.037,244.003,243.980,243.963,243.963,243.973,243.993,244.003,244.000,243.993,244.000,244.013,244.030,244.037,244.033,244.010,243.963,243.893,243.810,243.717,243.630,243.550,243.503
233.413,233.430,233.480,233.570,233.663,233.740,233.793,233.830,233.857,233.877,233.883,233.880,233.870,233.853,233.837,233.813,233.797,233.783,233.767,233.737,233.700,233.677,233.683,233.700,233.723,233.730,233.737,233.757,233.803,233.870,233.933,233.990,234.037,234.083,234.120,234.153,234.180,234.203,234.207,234.187,234.137,234.070,234.003,233.950,233.913,233.880,233.863,233.870,233.917,233.987,234.053,234.093,234.093,234.070,234.033,234.010,233.993,233.993,234.003,234.027,234.037,234.033,234.023,234.030,234.043,234.063,234.073,234.070,234.043,233.990,233.913,233.823,233.723,233.630,233.540,233.487
224.067,224.087,224.143,224.240,224.340,224.423,224.483,224.527,224.557,224.577,224.583,224.577,224.563,224.547,224.530,224.507,224.483,224.467,224.447,224.417,224.380,224.357,224.363,224.380,224.407,224.413,224.420,224.440,224.490,224.567,224.637,224.700,224.750,224.800,224.840,224.873,224.900,224.927,224.933,224.913,224.860,224.787,224.713,224.657,224.617,224.583,224.563,224.570,224.617,224.690,224.763,224.810,224.813,224.787,224.747,224.720,224.703,224.703,224.713,224.737,224.747,224.743,224.733,224.740,224.757,224.777,224.790,224.787,224.760,224.700,224.613,224.513,224.403,224.300,224.203,224.147
214.543,214.563,214.623,214.730,214.840,214.930,214.997,215.043,215.080,215.103,215.113,215.107,215.090,215.070,215.050,215.023,215.000,214.983,214.963,214.930,214.887,214.860,214.867,214.887,214.917,214.923,214.930,214.953,215.010,215.093,215.167,215.233,215.290,215.347,215.390,215.427,215.457,215.487,215.493,215.470,215.410,215.330,215.250,215.187,215.140,215.103,215.083,215.093,215.147,215.230,215.310,215.357,215.357,215.327,215.287,215.257,215.237,215.237,215.250,215.277,215.287,215.283,215.273,215.280,215.297,215.320,215.333,215.330,215.300,215.237,215.143,215.033,214.913,214.800,214.693,214.630
205.653,205.677,205.743,205.860,205.980,206.077,206.147,206.197,206.237,206.263,206.273,206.267,206.250,206.227,206.203,206.173,206.150,206.130,206.107,206.070,206.027,205.997,206.003,206.023,206.057,206.063,206.073,206.100,206.163,206.253,206.333,206.407,206.467,206.530,206.577,206.617,206.650,206.683,206.690,206.667,206.600,206.513,206.423,206.357,206.310,206.270,206.247,206.253,206.310,206.400,206.487,206.540,206.540,206.510,206.463,206.433,206.410,206.410,206.420,206.450,206.463,206.460,206.450,206.457,206.477,206.500,206.513,206.510,206.477,206.407,206.303,206.183,206.053,205.930,205.813,205.743
197.223,197.250,197.323,197.450,197.580,197.690,197.770,197.827,197.867,197.893,197.903,197.897,197.880,197.857,197.830,197.797,197.767,197.747,197.723,197.687,197.637,197.603,197.610,197.633,197.667,197.677,197.687,197.717,197.780,197.880,197.970,198.053,198.120,198.187,198.240,198.283,198.320,198.353,198.360,198.333,198.260,198.167,198.070,197.997,197.943,197.900,197.877,197.887,197.950,198.047,198.140,198.197,198.200,198.167,198.117,198.080,198.057,198.057,198.070,198.100,198.113,198.110,198.100,198.107,198.130,198.153,198.170,198.163,198.130,198.053,197.940,197.807,197.663,197.530,197.403,197.327
189.090,189.117,189.193,189.333,189.477,189.597,189.683,189.743,189.790,189.820,189.833,189.823,189.807,189.780,189.753,189.717,189.687,189.667,189.640,189.597,189.540,189.503,189.510,189.537,189.573,189.587,189.597,189.630,189.700,189.807,189.903,189.993,190.067,190.143,190.200,190.250,190.287,190.327,190.333,190.307,190.227,190.123,190.013,189.933,189.877,189.830,189.803,189.813,189.883,189.990,190.093,190.157,190.157,190.120,190.063,190.027,190.000,190.000,190.013,190.047,190.063,190.060,190.047,190.053,190.077,190.107,190.127,190.120,190.080,189.993,189.870,189.727,189.570,189.423,189.283,189.200
181.413,181.443,181.530,181.683,181.843,181.977,182.067,182.130,182.177,182.213,182.227,182.217,182.197,182.170,182.143,182.103,182.070,182.047,182.017,181.970,181.907,181.867,181.873,181.903,181.947,181.960,181.970,182.003,182.080,182.200,182.307,182.403,182.483,182.567,182.633,182.687,182.730,182.770,182.777,182.743,182.657,182.543,182.427,182.340,182.277,182.223,182.193,182.207,182.283,182.400,182.513,182.583,182.587,182.547,182.483,182.440,182.410,182.410,182.427,182.463,182.483,182.477,182.463,182.470,182.497,182.527,182.547,182.540,182.497,182.403,182.270,182.113,181.943,181.780,181.627,181.533
173.520,173.553,173.647,173.813,173.983,174.127,174.230,174.303,174.357,174.393,174.407,174.397,174.373,174.343,174.313,174.273,174.237,174.210,174.177,174.123,174.057,174.013,174.023,174.053,174.100,174.113,174.127,174.163,174.250,174.380,174.497,174.603,174.690,174.780,174.850,174.907,174.953,175.000,175.010,174.973,174.877,174.753,174.627,174.530,174.460,174.403,174.370,174.383,174.463,174.593,174.717,174.793,174.797,174.753,174.687,174.640,174.610,174.610,174.627,174.667,174.687,174.680,174.663,174.673,174.703,174.737,174.757,174.750,174.703,174.603,174.457,174.283,174.097,173.920,173.753,173.650
166.020,166.057,166.160,166.343,166.530,166.687,166.797,166.877,166.937,166.980,166.997,166.983,166.957,166.920,166.887,166.840,166.800,166.770,166.733,166.677,166.607,166.560,166.573,166.607,166.657,166.670,166.683,166.723,166.817,166.957,167.087,167.203,167.300,167.397,167.473,167.537,167.590,167.640,167.650,167.610,167.507,167.370,167.230,167.123,167.047,166.987,166.953,166.970,167.060,167.197,167.333,167.417,167.420,167.370,167.297,167.247,167.213,167.213,167.233,167.277,167.297,167.290,167.273,167.283,167.317,167.353,167.377,167.370,167.320,167.210,167.047,166.857,166.650,166.457,166.273,166.163
159.020,159.063,159.180,159.380,159.583,159.753,159.877,159.963,160.030,160.077,160.093,160.080,160.050,160.013,159.977,159.927,159.883,159.850,159.810,159.750,159.670,159.620,159.630,159.670,159.727,159.743,159.757,159.800,159.903,160.057,160.197,160.323,160.430,160.537,160.620,160.690,160.747,160.800,160.810,160.767,160.653,160.503,160.350,160.233,160.150,160.083,160.047,160.063,160.163,160.317,160.467,160.557,160.560,160.507,160.427,160.370,160.330,160.330,160.353,160.403,160.427,160.420,160.403,160.413,160.447,160.487,160.513,160.507,160.450,160.327,160.150,159.943,159.720,159.507,159.307,159.187
152.787,152.830,152.953,153.173,153.400,153.587,153.720,153.813,153.887,153.937,153.953,153.940,153.910,153.870,153.827,153.773,153.727,153.693,153.647,153.580,153.493,153.437,153.447,153.487,153.550,153.570,153.587,153.633,153.747,153.917,154.070,154.207,154.320,154.437,154.530,154.607,154.670,154.730,154.743,154.697,154.570,154.407,154.240,154.113,154.020,153.943,153.903,153.920,154.030,154.197,154.363,154.463,154.467,154.407,154.320,154.257,154.217,154.213,154.240,154.293,154.320,154.313,154.293,154.307,154.343,154.387,154.413,154.407,154.347,154.213,154.017,153.790,153.547,153.317,153.097,152.963
147.447,147.493,147.630,147.870,148.117,148.320,148.467,148.570,148.650,148.703,148.723,148.707,148.673,148.630,148.587,148.527,148.473,148.433,148.387,148.313,148.220,148.157,148.170,148.213,148.280,148.300,148.317,148.370,148.493,148.680,148.850,149.003,149.130,149.257,149.357,149.440,149.507,149.570,149.583,149.533,149.400,149.220,149.037,148.897,148.797,148.717,148.670,148.690,148.807,148.990,149.170,149.280,149.283,149.217,149.120,149.053,149.010,149.010,149.037,149.093,149.120,149.110,149.090,149.107,149.150,149.197,149.223,149.213,149.147,149.003,148.793,148.547,148.277,148.020,147.780,147.637
142.527,142.580,142.730,142.993,143.263,143.490,143.650,143.763,143.847,143.907,143.930,143.913,143.877,143.827,143.780,143.713,143.657,143.613,143.563,143.483,143.380,143.310,143.323,143.373,143.447,143.467,143.483,143.540,143.677,143.880,144.067,144.233,144.370,144.510,144.620,144.713,144.787,144.860,144.873,144.817,144.667,144.470,144.270,144.117,144.010,143.920,143.870,143.890,144.020,144.220,144.417,144.537,144.543,144.470,144.367,144.290,144.243,144.240,144.270,144.333,144.367,144.357,144.333,144.347,144.393,144.447,144.480,144.470,144.397,144.237,144.007,143.733,143.440,143.160,142.897,142.737
137.553,137.610,137.773,138.060,138.357,138.603,138.780,138.903,138.993,139.060,139.083,139.067,139.023,138.970,138.917,138.847,138.783,138.737,138.680,138.593,138.480,138.407,138.423,138.477,138.553,138.573,138.593,138.657,138.807,139.030,139.233,139.417,139.567,139.720,139.840,139.940,140.020,140.097,140.113,140.053,139.890,139.677,139.457,139.290,139.170,139.073,139.020,139.043,139.183,139.403,139.617,139.750,139.753,139.677,139.560,139.480,139.427,139.427,139.457,139.527,139.560,139.550,139.523,139.540,139.593,139.650,139.687,139.673,139.593,139.417,139.163,138.867,138.547,138.243,137.957,137.783
132.503,132.567,132.747,133.060,133.383,133.653,133.847,133.983,134.083,134.157,134.183,134.163,134.117,134.057,134.000,133.923,133.857,133.803,133.740,133.643,133.520,133.440,133.457,133.517,133.603,133.627,133.647,133.713,133.877,134.123,134.347,134.547,134.710,134.877,135.007,135.117,135.207,135.293,135.310,135.243,135.063,134.830,134.590,134.410,134.280,134.173,134.113,134.137,134.290,134.530,134.763,134.907,134.913,134.830,134.703,134.613,134.553,134.553,134.587,134.663,134.700,134.690,134.663,134.683,134.740,134.803,134.840,134.827,134.737,134.547,134.270,133.947,133.597,133.263,132.947,132.753
127.663,127.733,127.930,128.273,128.627,128.920,129.130,129.280,129.393,129.473,129.500,129.477,129.427,129.363,129.300,129.213,129.140,129.087,129.020,128.913,128.777,128.687,128.707,128.770,128.867,128.893,128.917,128.990,129.167,129.433,129.677,129.897,130.077,130.260,130.403,130.523,130.620,130.713,130.733,130.663,130.467,130.210,129.947,129.750,129.607,129.487,129.420,129.447,129.617,129.880,130.137,130.293,130.300,130.210,130.073,129.973,129.907,129.907,129.947,130.030,130.070,130.057,130.027,130.047,130.110,130.180,130.223,130.210,130.113,129.903,129.597,129.240,128.857,128.493,128.150,127.940
123.540,123.613,123.827,124.203,124.593,124.917,125.143,125.303,125.423,125.510,125.543,125.520,125.470,125.400,125.330,125.233,125.150,125.090,125.017,124.903,124.757,124.660,124.680,124.750,124.853,124.883,124.907,124.990,125.183,125.477,125.740,125.980,126.177,126.380,126.537,126.667,126.770,126.873,126.897,126.820,126.607,126.323,126.033,125.813,125.660,125.533,125.463,125.490,125.673,125.960,126.243,126.417,126.423,126.320,126.170,126.063,125.993,125.993,126.037,126.130,126.173,126.160,126.127,126.150,126.217,126.293,126.337,126.320,126.213,125.987,125.653,125.263,124.843,124.443,124.067,123.837
120.370,120.453,120.690,121.100,121.523,121.877,122.130,122.307,122.440,122.533,122.570,122.543,122.487,122.410,122.333,122.230,122.140,122.073,121.990,121.863,121.700,121.593,121.617,121.693,121.810,121.843,121.873,121.963,122.177,122.497,122.783,123.043,123.257,123.480,123.653,123.797,123.913,124.027,124.050,123.963,123.727,123.420,123.103,122.863,122.690,122.547,122.470,122.503,122.710,123.023,123.333,123.520,123.530,123.420,123.257,123.140,123.060,123.057,123.103,123.203,123.253,123.237,123.200,123.223,123.297,123.380,123.430,123.413,123.300,123.050,122.687,122.260,121.800,121.363,120.950,120.700
118.157,118.250,118.510,118.963,119.427,119.810,120.083,120.277,120.423,120.527,120.567,120.540,120.477,120.393,120.307,120.193,120.093,120.020,119.930,119.790,119.613,119.497,119.523,119.607,119.733,119.770,119.803,119.900,120.130,120.477,120.793,121.080,121.317,121.560,121.753,121.917,122.047,122.170,122.193,122.097,121.837,121.497,121.147,120.880,120.690,120.533,120.447,120.483,120.710,121.057,121.397,121.607,121.620,121.500,121.320,121.190,121.103,121.100,121.150,121.260,121.313,121.300,121.260,121.287,121.367,121.460,121.517,121.497,121.370,121.097,120.700,120.233,119.727,119.247,118.793,118.520
116.657,116.757,117.040,117.533,118.043,118.467,118.767,118.977,119.137,119.250,119.293,119.260,119.190,119.097,119.003,118.880,118.773,118.693,118.593,118.440,118.247,118.120,118.147,118.237,118.373,118.413,118.450,118.557,118.807,119.180,119.520,119.833,120.100,120.377,120.600,120.783,120.930,121.063,121.090,120.980,120.690,120.307,119.913,119.613,119.400,119.227,119.133,119.177,119.430,119.813,120.190,120.420,120.437,120.307,120.113,119.973,119.880,119.877,119.930,120.050,120.107,120.090,120.047,120.077,120.167,120.267,120.327,120.307,120.170,119.873,119.437,118.923,118.370,117.847,117.353,117.053
115.610,115.717,116.023,116.563,117.120,117.583,117.913,118.147,118.320,118.443,118.487,118.450,118.373,118.273,118.173,118.037,117.917,117.827,117.713,117.543,117.330,117.193,117.223,117.323,117.470,117.517,117.557,117.673,117.940,118.340,118.710,119.050,119.347,119.660,119.923,120.143,120.313,120.463,120.487,120.360,120.030,119.597,119.150,118.803,118.557,118.360,118.260,118.313,118.600,119.030,119.453,119.710,119.733,119.597,119.393,119.243,119.140,119.130,119.187,119.313,119.377,119.360,119.317,119.353,119.450,119.560,119.623,119.603,119.450,119.123,118.643,118.087,117.483,116.910,116.367,116.037
114.840,114.960,115.297,115.887,116.497,117.003,117.363,117.613,117.803,117.937,117.987,117.947,117.863,117.753,117.640,117.487,117.350,117.247,117.123,116.937,116.707,116.553,116.587,116.690,116.853,116.903,116.953,117.077,117.360,117.783,118.177,118.547,118.883,119.253,119.573,119.840,120.043,120.210,120.233,120.077,119.697,119.193,118.677,118.270,117.983,117.760,117.650,117.713,118.040,118.527,119.007,119.303,119.343,119.203,118.987,118.823,118.707,118.690,118.747,118.887,118.957,118.943,118.897,118.937,119.040,119.160,119.233,119.210,119.043,118.683,118.163,117.553,116.893,116.263,115.670,115.310
114.217,114.347,114.717,115.363,116.030,116.580,116.970,117.243,117.450,117.593,117.643,117.597,117.503,117.380,117.253,117.080,116.927,116.807,116.670,116.470,116.227,116.063,116.093,116.200,116.377,116.437,116.497,116.623,116.920,117.357,117.773,118.173,118.563,119.003,119.400,119.733,119.983,120.173,120.190,119.997,119.547,118.953,118.350,117.867,117.530,117.273,117.157,117.237,117.610,118.163,118.710,119.050,119.110,118.970,118.747,118.573,118.443,118.417,118.473,118.620,118.700,118.690,118.650,118.697,118.810,118.940,119.017,118.990,118.807,118.417,117.847,117.180,116.457,115.770,115.123,114.733
113.643,113.787,114.190,114.897,115.620,116.220,116.643,116.943,117.167,117.320,117.370,117.317,117.213,117.077,116.933,116.737,116.560,116.420,116.263,116.043,115.783,115.610,115.643,115.757,115.947,116.020,116.090,116.227,116.527,116.973,117.407,117.840,118.290,118.820,119.323,119.747,120.057,120.270,120.277,120.030,119.493,118.790,118.080,117.503,117.100,116.803,116.677,116.780,117.213,117.847,118.470,118.863,118.953,118.823,118.600,118.417,118.267,118.220,118.267,118.423,118.513,118.510,118.477,118.533,118.663,118.803,118.890,118.860,118.657,118.227,117.603,116.877,116.090,115.340,114.637,114.210
113.050,113.207,113.647,114.417,115.207,115.857,116.317,116.637,116.877,117.037,117.087,117.023,116.907,116.757,116.597,116.377,116.173,116.013,115.837,115.600,115.323,115.140,115.170,115.283,115.487,115.573,115.660,115.800,116.100,116.543,116.990,117.460,117.987,118.630,119.260,119.800,120.187,120.433,120.423,120.110,119.463,118.623,117.780,117.093,116.613,116.270,116.137,116.267,116.767,117.487,118.203,118.670,118.803,118.687,118.460,118.263,118.090,118.020,118.060,118.227,118.330,118.337,118.313,118.387,118.530,118.683,118.773,118.737,118.513,118.043,117.367,116.573,115.720,114.903,114.137,113.670
112.780,112.953,113.437,114.273,115.130,115.830,116.323,116.670,116.927,117.093,117.137,117.060,116.930,116.763,116.583,116.333,116.100,115.913,115.717,115.460,115.170,114.977,115.007,115.123,115.343,115.447,115.550,115.693,115.987,116.420,116.873,117.377,117.987,118.760,119.553,120.237,120.723,121.007,120.973,120.573,119.793,118.793,117.797,116.983,116.420,116.030,115.887,116.043,116.617,117.440,118.263,118.803,118.987,118.893,118.677,118.467,118.263,118.163,118.187,118.360,118.477,118.503,118.500,118.597,118.753,118.920,119.013,118.970,118.717,118.203,117.467,116.610,115.680,114.797,113.963,113.460
113.107,113.297,113.823,114.737,115.663,116.417,116.940,117.310,117.583,117.760,117.800,117.707,117.557,117.370,117.167,116.887,116.623,116.413,116.197,115.920,115.617,115.413,115.440,115.560,115.793,115.920,116.040,116.187,116.467,116.880,117.333,117.873,118.577,119.503,120.480,121.337,121.937,122.263,122.200,121.697,120.760,119.573,118.410,117.457,116.803,116.360,116.210,116.400,117.050,117.980,118.917,119.547,119.790,119.727,119.523,119.300,119.063,118.927,118.937,119.117,119.250,119.293,119.313,119.430,119.607,119.787,119.890,119.840,119.560,118.997,118.197,117.270,116.267,115.307,114.400,113.850
114.110,114.323,114.903,115.890,116.890,117.697,118.257,118.650,118.937,119.117,119.147,119.037,118.867,118.660,118.430,118.117,117.820,117.583,117.343,117.050,116.733,116.520,116.543,116.667,116.920,117.067,117.207,117.353,117.617,118.007,118.460,119.033,119.833,120.923,122.110,123.163,123.900,124.277,124.177,123.550,122.430,121.037,119.687,118.593,117.847,117.350,117.187,117.410,118.143,119.187,120.243,120.970,121.283,121.260,121.077,120.843,120.573,120.390,120.377,120.560,120.713,120.783,120.830,120.977,121.173,121.367,121.473,121.413,121.103,120.490,119.627,118.627,117.543,116.507,115.527,114.933
115.463,115.703,116.337,117.403,118.473,119.330,119.920,120.340,120.647,120.830,120.843,120.707,120.513,120.287,120.030,119.680,119.347,119.087,118.827,118.517,118.187,117.967,117.987,118.110,118.380,118.553,118.720,118.870,119.113,119.470,119.910,120.513,121.417,122.683,124.103,125.380,126.273,126.703,126.557,125.793,124.473,122.857,121.310,120.063,119.217,118.663,118.490,118.747,119.563,120.727,121.913,122.747,123.137,123.160,123.000,122.757,122.447,122.217,122.180,122.367,122.540,122.637,122.720,122.900,123.120,123.327,123.433,123.360,123.013,122.347,121.420,120.347,119.187,118.067,117.013,116.373
116.897,117.163,117.853,118.997,120.137,121.043,121.667,122.110,122.430,122.613,122.610,122.450,122.233,121.983,121.697,121.310,120.943,120.657,120.377,120.050,119.710,119.483,119.500,119.627,119.913,120.117,120.310,120.463,120.680,120.993,121.417,122.047,123.053,124.507,126.177,127.703,128.773,129.263,129.063,128.137,126.593,124.733,122.983,121.587,120.647,120.040,119.857,120.147,121.047,122.330,123.650,124.600,125.077,125.153,125.020,124.770,124.420,124.137,124.067,124.250,124.443,124.577,124.703,124.923,125.167,125.383,125.490,125.403,125.023,124.303,123.310,122.163,120.923,119.723,118.590,117.900
118.413,118.710,119.457,120.677,121.883,122.837,123.483,123.947,124.277,124.460,124.437,124.247,124.003,123.727,123.410,122.987,122.590,122.283,121.987,121.643,121.297,121.063,121.080,121.210,121.520,121.753,121.977,122.133,122.323,122.587,122.980,123.627,124.733,126.377,128.313,130.110,131.377,131.933,131.670,130.567,128.783,126.670,124.713,123.167,122.133,121.477,121.287,121.613,122.593,123.993,125.450,126.517,127.087,127.227,127.133,126.877,126.483,126.140,126.037,126.217,126.437,126.610,126.780,127.040,127.307,127.537,127.640,127.537,127.120,126.347,125.290,124.070,122.750,121.470,120.260,119.523
120.060,120.387,121.193,122.487,123.757,124.750,125.423,125.903,126.243,126.417,126.370,126.143,125.873,125.570,125.227,124.770,124.347,124.023,123.717,123.367,123.017,122.780,122.790,122.923,123.250,123.523,123.783,123.950,124.110,124.313,124.670,125.320,126.513,128.337,130.543,132.627,134.100,134.727,134.390,133.097,131.063,128.700,126.547,124.863,123.747,123.047,122.847,123.203,124.260,125.777,127.363,128.550,129.217,129.430,129.380,129.123,128.690,128.287,128.147,128.317,128.560,128.773,128.997,129.297,129.587,129.823,129.923,129.800,129.347,128.523,127.410,126.123,124.730,123.370,122.080,121.290
121.873,122.237,123.100,124.460,125.783,126.817,127.507,128.000,128.340,128.503,128.427,128.167,127.867,127.540,127.167,126.680,126.233,125.900,125.587,125.230,124.880,124.643,124.653,124.793,125.143,125.457,125.757,125.937,126.067,126.210,126.520,127.163,128.427,130.413,132.883,135.247,136.937,137.630,137.220,135.730,133.450,130.850,128.517,126.717,125.530,124.793,124.587,124.970,126.093,127.713,129.427,130.733,131.503,131.793,131.793,131.540,131.067,130.603,130.420,130.580,130.843,131.103,131.380,131.727,132.040,132.283,132.377,132.233,131.740,130.867,129.697,128.353,126.893,125.460,124.090,123.247
123.723,124.120,125.037,126.453,127.820,128.880,129.587,130.090,130.430,130.577,130.463,130.167,129.837,129.490,129.090,128.583,128.123,127.787,127.473,127.120,126.777,126.543,126.553,126.700,127.070,127.423,127.767,127.967,128.073,128.153,128.407,129.027,130.340,132.467,135.170,137.800,139.693,140.457,139.970,138.290,135.777,132.967,130.483,128.590,127.347,126.580,126.367,126.777,127.960,129.673,131.500,132.920,133.793,134.167,134.223,133.977,133.470,132.947,132.723,132.867,133.157,133.463,133.797,134.187,134.523,134.770,134.850,134.683,134.153,133.237,132.020,130.623,129.103,127.600,126.153,125.257
125.660,126.090,127.057,128.520,129.923,131.007,131.723,132.227,132.560,132.687,132.543,132.207,131.847,131.477,131.057,130.533,130.070,129.740,129.437,129.090,128.757,128.530,128.540,128.693,129.083,129.483,129.880,130.103,130.187,130.200,130.393,130.980,132.320,134.547,137.447,140.310,142.397,143.220,142.663,140.810,138.097,135.110,132.513,130.553,129.273,128.487,128.270,128.700,129.930,131.723,133.650,135.177,136.143,136.600,136.713,136.487,135.953,135.380,135.113,135.237,135.547,135.903,136.293,136.723,137.080,137.333,137.407,137.217,136.653,135.697,134.440,132.997,131.423,129.853,128.333,127.383
127.813,128.277,129.290,130.790,132.213,133.307,134.027,134.530,134.850,134.953,134.773,134.403,134.013,133.623,133.183,132.660,132.207,131.893,131.607,131.273,130.957,130.737,130.747,130.910,131.323,131.773,132.223,132.480,132.550,132.503,132.627,133.160,134.493,136.777,139.817,142.860,145.097,145.967,145.350,143.360,140.500,137.397,134.730,132.737,131.440,130.647,130.423,130.867,132.133,133.990,136.003,137.623,138.683,139.217,139.387,139.177,138.627,138.013,137.713,137.817,138.143,138.543,138.990,139.460,139.837,140.093,140.157,139.947,139.353,138.370,137.083,135.600,133.980,132.347,130.757,129.750
130.287,130.780,131.830,133.353,134.783,135.877,136.593,137.087,137.390,137.467,137.253,136.850,136.437,136.033,135.583,135.067,134.630,134.343,134.080,133.770,133.477,133.270,133.287,133.460,133.897,134.400,134.913,135.213,135.273,135.170,135.220,135.683,136.973,139.257,142.363,145.510,147.843,148.747,148.090,146.013,143.067,139.917,137.240,135.257,133.967,133.177,132.953,133.403,134.690,136.587,138.660,140.357,141.493,142.103,142.327,142.147,141.590,140.950,140.617,140.700,141.037,141.477,141.973,142.483,142.883,143.143,143.197,142.970,142.360,141.360,140.050,138.537,136.880,135.197,133.543,132.487
132.867,133.383,134.453,135.980,137.400,138.487,139.200,139.677,139.953,139.993,139.750,139.320,138.887,138.470,138.020,137.523,137.120,136.867,136.640,136.363,136.103,135.917,135.937,136.120,136.580,137.140,137.720,138.070,138.137,137.983,137.957,138.330,139.540,141.760,144.843,148.003,150.363,151.277,150.607,148.507,145.557,142.437,139.813,137.887,136.630,135.860,135.637,136.090,137.377,139.290,141.397,143.147,144.340,145.010,145.283,145.137,144.593,143.943,143.590,143.653,144.000,144.477,145.013,145.553,145.973,146.243,146.293,146.053,145.433,144.430,143.117,141.587,139.900,138.170,136.453,135.347
135.130,135.667,136.750,138.263,139.657,140.723,141.420,141.873,142.113,142.123,141.853,141.407,140.953,140.530,140.087,139.623,139.267,139.060,138.880,138.647,138.420,138.253,138.277,138.473,138.957,139.573,140.230,140.640,140.727,140.533,140.433,140.703,141.793,143.880,146.840,149.910,152.220,153.120,152.460,150.410,147.547,144.547,142.040,140.213,139.023,138.290,138.067,138.510,139.777,141.683,143.797,145.577,146.807,147.517,147.830,147.720,147.207,146.567,146.207,146.250,146.597,147.097,147.667,148.233,148.677,148.960,149.017,148.777,148.163,147.170,145.863,144.327,142.627,140.857,139.087,137.930
137.447,137.993,139.073,140.557,141.907,142.940,143.613,144.040,144.247,144.227,143.933,143.473,143.007,142.583,142.153,141.737,141.433,141.283,141.157,140.977,140.793,140.653,140.683,140.893,141.397,142.073,142.807,143.290,143.407,143.187,143.007,143.157,144.090,145.987,148.740,151.627,153.813,154.677,154.057,152.120,149.423,146.620,144.297,142.613,141.510,140.823,140.607,141.033,142.267,144.137,146.227,148.003,149.243,149.977,150.317,150.247,149.777,149.170,148.817,148.843,149.187,149.700,150.297,150.880,151.347,151.647,151.717,151.483,150.893,149.933,148.653,147.123,145.413,143.617,141.800,140.603
139.957,140.503,141.570,143.013,144.310,145.297,145.943,146.337,146.507,146.453,146.143,145.677,145.200,144.777,144.370,144.010,143.777,143.687,143.620,143.500,143.370,143.260,143.297,143.517,144.043,144.777,145.587,146.147,146.310,146.080,145.830,145.847,146.590,148.240,150.713,153.340,155.340,156.140,155.577,153.810,151.350,148.810,146.717,145.213,144.227,143.607,143.400,143.800,144.977,146.787,148.820,150.563,151.787,152.523,152.880,152.853,152.443,151.890,151.553,151.570,151.903,152.420,153.023,153.620,154.110,154.440,154.533,154.323,153.767,152.857,151.617,150.107,148.397,146.580,144.727,143.493
142.367,142.910,143.947,145.330,146.553,147.483,148.093,148.453,148.590,148.510,148.190,147.720,147.240,146.820,146.443,146.147,145.983,145.960,145.960,145.910,145.833,145.757,145.800,146.037,146.583,147.373,148.263,148.910,149.133,148.903,148.583,148.457,148.983,150.343,152.473,154.777,156.547,157.277,156.783,155.227,153.047,150.820,149.000,147.713,146.870,146.327,146.130,146.493,147.593,149.317,151.267,152.957,154.143,154.863,155.220,155.230,154.887,154.403,154.100,154.113,154.430,154.937,155.540,156.143,156.660,157.020,157.147,156.970,156.467,155.627,154.450,152.973,151.273,149.443,147.563,146.300
144.760,145.283,146.273,147.587,148.730,149.597,150.163,150.483,150.583,150.480,150.157,149.693,149.210,148.800,148.457,148.230,148.147,148.197,148.270,148.293,148.277,148.233,148.280,148.527,149.093,149.940,150.907,151.643,151.937,151.727,151.343,151.067,151.350,152.387,154.133,156.073,157.583,158.223,157.813,156.490,154.630,152.750,151.237,150.193,149.507,149.050,148.863,149.187,150.197,151.813,153.653,155.257,156.380,157.060,157.410,157.460,157.197,156.797,156.537,156.547,156.840,157.323,157.917,158.520,159.060,159.453,159.620,159.493,159.060,158.307,157.203,155.773,154.097,152.270,150.373,149.087
147.053,147.557,148.490,149.713,150.757,151.550,152.073,152.357,152.427,152.307,151.987,151.533,151.053,150.657,150.353,150.200,150.193,150.317,150.467,150.570,150.613,150.600,150.653,150.910,151.497,152.393,153.433,154.260,154.633,154.457,154.023,153.597,153.623,154.310,155.643,157.197,158.433,158.983,158.657,157.573,156.047,154.530,153.343,152.560,152.053,151.693,151.523,151.797,152.703,154.187,155.893,157.387,158.423,159.047,159.373,159.457,159.277,158.973,158.770,158.780,159.047,159.500,160.070,160.663,161.220,161.653,161.873,161.807,161.457,160.803,159.797,158.430,156.787,154.970,153.070,151.773
149.210,149.677,150.537,151.663,152.607,153.320,153.790,154.037,154.080,153.953,153.640,153.203,152.727,152.343,152.080,151.997,152.070,152.267,152.497,152.683,152.790,152.813,152.870,153.133,153.730,154.670,155.777,156.697,157.160,157.033,156.557,155.980,155.740,156.067,156.980,158.147,159.113,159.573,159.327,158.480,157.283,156.133,155.277,154.763,154.447,154.193,154.040,154.257,155.047,156.383,157.933,159.297,160.230,160.783,161.077,161.187,161.090,160.887,160.743,160.760,160.997,161.407,161.940,162.517,163.093,163.570,163.847,163.850,163.593,163.053,162.153,160.863,159.270,157.480,155.590,154.290
151.203,151.627,152.403,153.420,154.253,154.880,155.300,155.510,155.533,155.397,155.097,154.677,154.210,153.843,153.623,153.617,153.767,154.037,154.340,154.607,154.773,154.830,154.893,155.160,155.767,156.740,157.907,158.913,159.467,159.400,158.890,158.173,157.667,157.640,158.140,158.937,159.647,160.023,159.853,159.230,158.343,157.543,157.010,156.767,156.640,156.497,156.363,156.523,157.183,158.360,159.740,160.960,161.780,162.253,162.507,162.637,162.620,162.520,162.443,162.470,162.673,163.037,163.530,164.087,164.670,165.180,165.510,165.590,165.433,165.017,164.237,163.040,161.510,159.760,157.897,156.607
152.830,153.210,153.897,154.797,155.513,156.053,156.417,156.590,156.593,156.460,156.177,155.780,155.327,154.980,154.803,154.860,155.087,155.423,155.800,156.143,156.370,156.463,156.527,156.793,157.400,158.397,159.610,160.693,161.340,161.340,160.810,159.963,159.207,158.840,158.957,159.410,159.890,160.187,160.080,159.653,159.053,158.580,158.353,158.370,158.433,158.400,158.287,158.387,158.917,159.927,161.130,162.200,162.897,163.287,163.497,163.643,163.697,163.690,163.680,163.720,163.893,164.203,164.650,165.177,165.767,166.310,166.697,166.853,166.800,166.503,165.843,164.747,163.293,161.597,159.773,158.507
154.123,154.447,155.033,155.807,156.410,156.867,157.183,157.327,157.317,157.183,156.920,156.543,156.107,155.780,155.647,155.763,156.057,156.457,156.907,157.323,157.603,157.723,157.790,158.057,158.663,159.673,160.920,162.070,162.807,162.880,162.340,161.377,160.387,159.707,159.467,159.610,159.880,160.110,160.060,159.807,159.457,159.277,159.337,159.597,159.840,159.913,159.823,159.863,160.263,161.103,162.130,163.043,163.620,163.927,164.097,164.257,164.377,164.457,164.507,164.557,164.697,164.953,165.350,165.850,166.440,167.013,167.450,167.680,167.720,167.543,167.010,166.023,164.650,163.017,161.243,160.007
155.137,155.407,155.890,156.540,157.030,157.407,157.673,157.790,157.770,157.643,157.400,157.047,156.623,156.313,156.220,156.400,156.753,157.210,157.720,158.210,158.543,158.690,158.753,159.013,159.613,160.630,161.897,163.100,163.913,164.060,163.520,162.463,161.263,160.303,159.747,159.620,159.713,159.880,159.877,159.767,159.637,159.717,160.030,160.513,160.923,161.097,161.027,161.007,161.280,161.957,162.813,163.580,164.040,164.263,164.387,164.553,164.730,164.893,164.997,165.057,165.163,165.370,165.720,166.187,166.770,167.363,167.847,168.147,168.277,168.210,167.797,166.923,165.643,164.083,162.370,161.170
155.963,156.177,156.560,157.087,157.470,157.770,157.990,158.083,158.057,157.940,157.720,157.393,156.990,156.700,156.643,156.870,157.280,157.787,158.357,158.903,159.280,159.450,159.513,159.767,160.353,161.363,162.633,163.877,164.760,164.983,164.450,163.317,161.937,160.733,159.903,159.547,159.487,159.600,159.633,159.647,159.703,160.000,160.533,161.210,161.773,162.040,161.993,161.920,162.073,162.593,163.283,163.907,164.257,164.407,164.493,164.660,164.883,165.113,165.270,165.340,165.420,165.577,165.880,166.313,166.887,167.490,168.007,168.367,168.580,168.617,168.317,167.553,166.370,164.890,163.247,162.090
156.697,156.853,157.140,157.550,157.833,158.060,158.240,158.317,158.287,158.180,157.977,157.673,157.290,157.023,157.003,157.273,157.727,158.277,158.893,159.493,159.907,160.100,160.160,160.403,160.970,161.967,163.230,164.500,165.437,165.723,165.207,164.023,162.500,161.093,160.033,159.483,159.297,159.363,159.427,159.540,159.750,160.233,160.950,161.790,162.477,162.823,162.797,162.677,162.720,163.093,163.630,164.123,164.373,164.453,164.503,164.673,164.940,165.227,165.423,165.503,165.557,165.670,165.927,166.330,166.887,167.493,168.037,168.450,168.737,168.860,168.660,168.003,166.917,165.523,163.957,162.853
157.303,157.410,157.603,157.907,158.100,158.263,158.403,158.460,158.433,158.340,158.160,157.877,157.513,157.267,157.280,157.590,158.083,158.673,159.330,159.973,160.413,160.620,160.677,160.910,161.457,162.423,163.663,164.940,165.920,166.267,165.773,164.560,162.930,161.363,160.117,159.410,159.123,159.153,159.233,159.420,159.750,160.383,161.253,162.227,163.020,163.433,163.423,163.260,163.207,163.450,163.847,164.220,164.380,164.403,164.420,164.587,164.880,165.213,165.447,165.537,165.570,165.650,165.863,166.233,166.763,167.370,167.930,168.387,168.730,168.930,168.827,168.277,167.290,165.983,164.497,163.447
157.820,157.873,157.980,158.183,158.297,158.403,158.510,158.557,158.530,158.450,158.287,158.030,157.683,157.460,157.503,157.850,158.377,158.993,159.687,160.367,160.833,161.050,161.100,161.317,161.833,162.763,163.970,165.240,166.247,166.640,166.177,164.953,163.253,161.570,160.183,159.353,158.983,158.977,159.070,159.313,159.740,160.490,161.477,162.553,163.427,163.893,163.897,163.697,163.560,163.687,163.960,164.223,164.307,164.277,164.267,164.427,164.743,165.113,165.377,165.477,165.497,165.543,165.720,166.053,166.560,167.157,167.730,168.220,168.613,168.877,168.853,168.397,167.503,166.287,164.883,163.890
158.253,158.263,158.293,158.403,158.443,158.503,158.583,158.620,158.597,158.527,158.387,158.150,157.827,157.623,157.697,158.073,158.627,159.267,159.983,160.690,161.173,161.400,161.443,161.643,162.127,163.013,164.173,165.423,166.443,166.880,166.450,165.240,163.500,161.737,160.240,159.317,158.883,158.850,158.950,159.237,159.733,160.570,161.643,162.793,163.727,164.230,164.247,164.020,163.813,163.837,163.997,164.167,164.183,164.110,164.077,164.230,164.563,164.960,165.247,165.353,165.360,165.383,165.530,165.833,166.310,166.890,167.467,167.987,168.423,168.737,168.777,168.403,167.603,166.480,165.157,164.217
158.633,158.600,158.560,158.590,158.570,158.587,158.643,158.673,158.657,158.600,158.477,158.260,157.960,157.780,157.880,158.280,158.853,159.513,160.250,160.977,161.470,161.700,161.740,161.923,162.373,163.207,164.313,165.533,166.557,167.023,166.630,165.447,163.700,161.887,160.313,159.317,158.830,158.770,158.873,159.190,159.743,160.643,161.783,162.983,163.953,164.483,164.510,164.263,163.993,163.927,163.990,164.077,164.033,163.923,163.873,164.023,164.367,164.780,165.083,165.197,165.197,165.200,165.317,165.587,166.030,166.593,167.170,167.710,168.177,168.533,168.633,168.337,167.620,166.580,165.340,164.457
159.000,158.933,158.833,158.790,158.717,158.700,158.740,158.767,158.753,158.707,158.600,158.407,158.127,157.970,158.097,158.523,159.113,159.783,160.533,161.273,161.777,162.007,162.040,162.203,162.617,163.393,164.440,165.620,166.630,167.120,166.763,165.627,163.893,162.063,160.443,159.400,158.873,158.790,158.890,159.227,159.817,160.760,161.937,163.163,164.150,164.697,164.730,164.470,164.153,164.013,163.993,164.007,163.913,163.773,163.707,163.847,164.197,164.623,164.940,165.057,165.050,165.037,165.127,165.363,165.777,166.313,166.887,167.440,167.937,168.327,168.473,168.243,167.607,166.653,165.497,164.670
159.347,159.250,159.100,158.993,158.877,158.833,158.860,158.883,158.877,158.843,158.757,158.583,158.327,158.190,158.340,158.783,159.387,160.067,160.830,161.580,162.083,162.307,162.330,162.473,162.850,163.567,164.543,165.677,166.667,167.173,166.857,165.773,164.083,162.257,160.620,159.543,158.993,158.883,158.980,159.320,159.937,160.903,162.100,163.330,164.317,164.867,164.903,164.633,164.280,164.080,163.987,163.940,163.807,163.643,163.563,163.697,164.047,164.480,164.803,164.927,164.913,164.890,164.957,165.167,165.543,166.053,166.613,167.177,167.690,168.107,168.290,168.120,167.553,166.677,165.600,164.830
159.713,159.593,159.400,159.243,159.090,159.023,159.040,159.063,159.067,159.043,158.973,158.820,158.587,158.470,158.643,159.107,159.720,160.403,161.167,161.920,162.420,162.640,162.657,162.783,163.120,163.773,164.680,165.757,166.717,167.227,166.950,165.937,164.307,162.513,160.873,159.787,159.217,159.090,159.173,159.517,160.140,161.117,162.310,163.530,164.500,165.043,165.080,164.807,164.427,164.177,164.023,163.923,163.760,163.580,163.490,163.613,163.957,164.390,164.717,164.843,164.833,164.800,164.847,165.023,165.363,165.847,166.393,166.960,167.483,167.917,168.133,168.010,167.510,166.707,165.707,164.987
160.090,159.947,159.717,159.520,159.340,159.260,159.267,159.293,159.303,159.293,159.240,159.107,158.897,158.803,158.997,159.473,160.090,160.773,161.540,162.293,162.790,163.003,163.013,163.120,163.413,163.997,164.827,165.843,166.767,167.277,167.040,166.103,164.553,162.810,161.193,160.103,159.523,159.377,159.450,159.783,160.407,161.377,162.557,163.747,164.690,165.217,165.253,164.977,164.580,164.293,164.090,163.947,163.757,163.563,163.467,163.580,163.920,164.350,164.677,164.807,164.793,164.757,164.783,164.933,165.237,165.687,166.217,166.780,167.313,167.757,167.993,167.910,167.467,166.733,165.807,165.140
160.480,160.323,160.067,159.837,159.637,159.547,159.550,159.577,159.593,159.597,159.560,159.450,159.263,159.193,159.407,159.897,160.517,161.197,161.957,162.703,163.193,163.397,163.400,163.483,163.737,164.253,165.007,165.960,166.840,167.347,167.150,166.293,164.830,163.150,161.570,160.497,159.913,159.750,159.803,160.123,160.737,161.693,162.850,164.000,164.903,165.407,165.440,165.167,164.760,164.443,164.200,164.020,163.813,163.610,163.510,163.613,163.943,164.363,164.687,164.820,164.810,164.770,164.780,164.903,165.170,165.587,166.093,166.653,167.190,167.640,167.890,167.840,167.447,166.780,165.920,165.300
160.880,160.713,160.437,160.183,159.967,159.870,159.873,159.907,159.933,159.947,159.927,159.840,159.677,159.627,159.857,160.357,160.977,161.650,162.403,163.140,163.620,163.813,163.810,163.873,164.087,164.537,165.213,166.100,166.937,167.437,167.280,166.507,165.137,163.530,161.993,160.940,160.360,160.183,160.220,160.520,161.117,162.050,163.170,164.273,165.127,165.603,165.630,165.363,164.953,164.617,164.340,164.130,163.907,163.700,163.597,163.693,164.013,164.423,164.740,164.877,164.870,164.833,164.827,164.923,165.150,165.537,166.023,166.577,167.107,167.560,167.820,167.797,167.447,166.837,166.043,165.467
161.300,161.120,160.827,160.553,160.330,160.233,160.237,160.273,160.307,160.330,160.327,160.257,160.120,160.090,160.340,160.850,161.470,162.130,162.870,163.593,164.063,164.247,164.237,164.283,164.457,164.840,165.440,166.260,167.050,167.537,167.417,166.727,165.460,163.937,162.457,161.430,160.853,160.663,160.680,160.960,161.533,162.440,163.520,164.573,165.373,165.817,165.833,165.573,165.163,164.813,164.510,164.280,164.047,163.840,163.730,163.817,164.120,164.520,164.830,164.970,164.967,164.930,164.913,164.987,165.180,165.530,165.997,166.540,167.070,167.517,167.783,167.780,167.470,166.910,166.177,165.643
161.773,161.590,161.287,160.997,160.767,160.670,160.677,160.720,160.760,160.793,160.807,160.760,160.647,160.633,160.897,161.413,162.030,162.680,163.407,164.117,164.573,164.747,164.730,164.757,164.890,165.210,165.737,166.493,167.233,167.710,167.627,167.020,165.850,164.407,162.987,161.993,161.427,161.223,161.220,161.477,162.027,162.900,163.937,164.930,165.673,166.080,166.090,165.840,165.437,165.077,164.753,164.503,164.263,164.057,163.947,164.023,164.313,164.700,165.003,165.147,165.150,165.117,165.087,165.137,165.297,165.617,166.060,166.590,167.110,167.550,167.817,167.830,167.553,167.043,166.363,165.867
162.257,162.073,161.767,161.470,161.240,161.147,161.157,161.203,161.250,161.293,161.320,161.290,161.197,161.203,161.480,162.003,162.613,163.250,163.960,164.653,165.100,165.263,165.240,165.247,165.343,165.603,166.060,166.753,167.447,167.910,167.857,167.327,166.253,164.900,163.543,162.587,162.030,161.817,161.797,162.027,162.547,163.383,164.373,165.313,166.000,166.370,166.370,166.127,165.730,165.363,165.027,164.763,164.520,164.313,164.203,164.270,164.543,164.917,165.213,165.363,165.373,165.343,165.300,165.327,165.457,165.747,166.167,166.683,167.197,167.633,167.900,167.923,167.670,167.200,166.573,166.117
162.770,162.587,162.280,161.980,161.753,161.663,161.677,161.727,161.780,161.830,161.870,161.860,161.790,161.813,162.100,162.627,163.230,163.850,164.540,165.217,165.653,165.807,165.777,165.763,165.827,166.030,166.420,167.053,167.700,168.147,168.123,167.670,166.697,165.427,164.133,163.213,162.670,162.443,162.403,162.610,163.103,163.903,164.843,165.723,166.350,166.687,166.677,166.443,166.057,165.693,165.347,165.070,164.820,164.613,164.503,164.567,164.827,165.187,165.473,165.630,165.643,165.617,165.563,165.573,165.673,165.933,166.330,166.833,167.337,167.763,168.023,168.053,167.827,167.397,166.817,166.390
163.313,163.130,162.827,162.527,162.307,162.220,162.237,162.287,162.343,162.403,162.460,162.470,162.420,162.460,162.757,163.283,163.873,164.473,165.140,165.800,166.227,166.373,166.340,166.307,166.337,166.483,166.813,167.390,167.993,168.427,168.430,168.043,167.157,165.967,164.740,163.857,163.327,163.090,163.033,163.217,163.683,164.447,165.340,166.163,166.737,167.037,167.017,166.793,166.417,166.053,165.697,165.417,165.170,164.970,164.860,164.913,165.157,165.500,165.777,165.937,165.957,165.933,165.870,165.860,165.933,166.167,166.543,167.033,167.527,167.943,168.200,168.237,168.030,167.633,167.093,166.697
163.850,163.673,163.373,163.073,162.857,162.777,162.797,162.850,162.913,162.980,163.047,163.070,163.037,163.090,163.397,163.920,164.500,165.077,165.727,166.367,166.783,166.920,166.883,166.833,166.837,166.933,167.207,167.723,168.287,168.703,168.733,168.410,167.607,166.493,165.323,164.480,163.963,163.720,163.647,163.810,164.250,164.980,165.827,166.597,167.117,167.383,167.357,167.140,166.777,166.413,166.053,165.763,165.517,165.320,165.213,165.260,165.487,165.813,166.080,166.243,166.270,166.253,166.183,166.160,166.210,166.420,166.773,167.247,167.727,168.133,168.383,168.420,168.230,167.867,167.370,167.003
164.417,164.247,163.957,163.660,163.450,163.377,163.397,163.450,163.510,163.583,163.660,163.700,163.683,163.750,164.060,164.583,165.150,165.710,166.337,166.957,167.360,167.490,167.450,167.387,167.360,167.413,167.637,168.107,168.633,169.037,169.087,168.817,168.087,167.043,165.930,165.120,164.617,164.367,164.280,164.423,164.840,165.537,166.343,167.067,167.540,167.777,167.740,167.530,167.177,166.817,166.457,166.163,165.920,165.727,165.620,165.660,165.873,166.187,166.443,166.610,166.643,166.630,166.553,166.517,166.543,166.727,167.060,167.520,167.990,168.387,168.630,168.670,168.490,168.153,167.690,167.350
164.973,164.810,164.530,164.240,164.037,163.967,163.987,164.040,164.103,164.180,164.267,164.317,164.317,164.390,164.707,165.223,165.777,166.313,166.917,167.520,167.913,168.037,167.993,167.917,167.867,167.883,168.060,168.487,168.973,169.363,169.430,169.210,168.547,167.567,166.507,165.727,165.233,164.977,164.880,165.007,165.403,166.073,166.847,167.527,167.953,168.160,168.113,167.913,167.570,167.217,166.853,166.560,166.320,166.133,166.027,166.060,166.260,166.557,166.800,166.967,167.007,167.000,166.920,166.873,166.883,167.047,167.360,167.803,168.260,168.647,168.883,168.920,168.753,168.440,168.010,167.690
165.540,165.387,165.117,164.830,164.630,164.563,164.583,164.633,164.697,164.777,164.870,164.930,164.943,165.027,165.343,165.853,166.393,166.910,167.490,168.073,168.457,168.577,168.530,168.440,168.370,168.353,168.497,168.883,169.343,169.720,169.800,169.617,169.007,168.080,167.063,166.310,165.827,165.567,165.460,165.577,165.953,166.600,167.340,167.987,168.377,168.560,168.503,168.310,167.973,167.627,167.263,166.970,166.733,166.550,166.447,166.477,166.663,166.947,167.180,167.350,167.393,167.387,167.303,167.247,167.240,167.383,167.680,168.113,168.557,168.933,169.160,169.197,169.040,168.750,168.350,168.050
166.123,165.977,165.713,165.433,165.237,165.173,165.190,165.237,165.300,165.387,165.487,165.553,165.573,165.663,165.980,166.480,167.003,167.497,168.053,168.617,168.990,169.107,169.057,168.960,168.873,168.833,168.943,169.297,169.727,170.093,170.183,170.033,169.467,168.587,167.607,166.877,166.403,166.143,166.033,166.140,166.503,167.130,167.843,168.460,168.820,168.983,168.920,168.730,168.403,168.063,167.700,167.407,167.170,166.993,166.890,166.917,167.093,167.363,167.583,167.753,167.800,167.800,167.710,167.647,167.627,167.753,168.033,168.450,168.883,169.250,169.473,169.507,169.357,169.087,168.717,168.440
166.670,166.533,166.283,166.007,165.813,165.750,165.767,165.810,165.870,165.957,166.060,166.133,166.160,166.250,166.563,167.053,167.563,168.033,168.567,169.110,169.477,169.590,169.540,169.433,169.337,169.277,169.363,169.690,170.097,170.453,170.550,170.423,169.890,169.043,168.097,167.387,166.920,166.653,166.540,166.643,167.000,167.610,168.303,168.897,169.233,169.380,169.313,169.127,168.807,168.470,168.110,167.817,167.583,167.410,167.310,167.333,167.500,167.757,167.967,168.137,168.187,168.190,168.097,168.030,168.000,168.113,168.377,168.780,169.203,169.560,169.773,169.803,169.660,169.410,169.063,168.803
167.237,167.107,166.863,166.590,166.400,166.337,166.347,166.383,166.440,166.527,166.633,166.713,166.747,166.837,167.140,167.617,168.110,168.563,169.077,169.603,169.960,170.070,170.020,169.907,169.800,169.727,169.797,170.100,170.487,170.833,170.937,170.823,170.317,169.497,168.573,167.873,167.410,167.147,167.033,167.137,167.487,168.090,168.770,169.347,169.667,169.800,169.730,169.543,169.227,168.890,168.533,168.243,168.017,167.847,167.750,167.770,167.927,168.170,168.370,168.537,168.590,168.593,168.503,168.433,168.397,168.493,168.740,169.130,169.543,169.893,170.103,170.133,169.997,169.760,169.437,169.193
167.780,167.657,167.423,167.153,166.963,166.893,166.897,166.927,166.980,167.067,167.173,167.253,167.290,167.380,167.680,168.143,168.620,169.050,169.540,170.047,170.397,170.507,170.460,170.343,170.230,170.147,170.207,170.493,170.867,171.203,171.310,171.203,170.710,169.903,168.993,168.303,167.847,167.583,167.473,167.580,167.933,168.530,169.200,169.767,170.077,170.200,170.127,169.943,169.633,169.300,168.943,168.653,168.430,168.263,168.170,168.187,168.337,168.567,168.757,168.920,168.973,168.980,168.890,168.820,168.777,168.863,169.100,169.477,169.877,170.217,170.420,170.450,170.320,170.100,169.800,169.573
168.347,168.230,168.003,167.730,167.537,167.463,167.463,167.487,167.533,167.617,167.723,167.803,167.840,167.927,168.217,168.663,169.120,169.533,170.007,170.500,170.843,170.950,170.903,170.783,170.670,170.587,170.640,170.917,171.277,171.610,171.713,171.610,171.117,170.317,169.413,168.730,168.273,168.013,167.910,168.023,168.377,168.970,169.640,170.203,170.510,170.630,170.557,170.373,170.063,169.730,169.373,169.087,168.867,168.707,168.613,168.630,168.773,168.997,169.177,169.337,169.390,169.397,169.307,169.237,169.190,169.267,169.490,169.857,170.247,170.577,170.777,170.807,170.687,170.480,170.200,169.987
168.983,168.873,168.653,168.380,168.187,168.110,168.100,168.113,168.150,168.233,168.337,168.420,168.453,168.537,168.813,169.243,169.683,170.080,170.537,171.017,171.353,171.463,171.417,171.300,171.187,171.107,171.157,171.423,171.773,172.100,172.203,172.097,171.600,170.797,169.893,169.207,168.750,168.493,168.400,168.523,168.883,169.480,170.153,170.720,171.033,171.153,171.080,170.890,170.580,170.247,169.893,169.607,169.390,169.230,169.140,169.157,169.297,169.510,169.680,169.837,169.890,169.897,169.807,169.737,169.687,169.760,169.973,170.330,170.707,171.030,171.227,171.260,171.147,170.953,170.690,170.490
169.737,169.633,169.417,169.143,168.940,168.853,168.830,168.833,168.863,168.943,169.047,169.127,169.157,169.233,169.500,169.913,170.337,170.717,171.160,171.627,171.960,172.070,172.027,171.910,171.800,171.727,171.780,172.043,172.387,172.710,172.810,172.693,172.187,171.373,170.463,169.770,169.310,169.057,168.973,169.113,169.487,170.093,170.770,171.343,171.660,171.783,171.710,171.520,171.210,170.877,170.527,170.240,170.023,169.863,169.777,169.797,169.933,170.137,170.297,170.447,170.500,170.503,170.417,170.350,170.303,170.370,170.573,170.920,171.287,171.603,171.797,171.833,171.727,171.547,171.297,171.107
170.400,170.300,170.087,169.807,169.597,169.500,169.470,169.463,169.487,169.563,169.663,169.737,169.760,169.830,170.083,170.480,170.887,171.257,171.687,172.140,172.467,172.577,172.540,172.427,172.323,172.257,172.317,172.580,172.923,173.247,173.343,173.213,172.687,171.857,170.933,170.230,169.767,169.517,169.447,169.600,169.987,170.603,171.293,171.883,172.213,172.343,172.270,172.073,171.757,171.420,171.073,170.790,170.573,170.417,170.330,170.350,170.483,170.683,170.837,170.980,171.027,171.030,170.943,170.880,170.833,170.897,171.093,171.430,171.790,172.103,172.297,172.333,172.233,172.063,171.833,171.657
170.990,170.890,170.673,170.390,170.173,170.067,170.023,170.003,170.020,170.093,170.190,170.260,170.280,170.340,170.577,170.953,171.347,171.707,172.123,172.570,172.893,173.010,172.973,172.863,172.767,172.713,172.787,173.050,173.393,173.713,173.807,173.657,173.103,172.247,171.307,170.593,170.130,169.887,169.830,169.997,170.400,171.030,171.737,172.340,172.687,172.827,172.757,172.557,172.237,171.900,171.553,171.270,171.053,170.897,170.813,170.837,170.970,171.163,171.310,171.447,171.490,171.487,171.403,171.343,171.303,171.363,171.553,171.880,172.230,172.537,172.727,172.770,172.680,172.523,172.303,172.133
171.513,171.413,171.197,170.903,170.677,170.553,170.500,170.470,170.483,170.550,170.640,170.703,170.717,170.770,170.993,171.353,171.733,172.083,172.493,172.930,173.250,173.367,173.337,173.230,173.143,173.103,173.190,173.460,173.803,174.127,174.213,174.047,173.463,172.580,171.620,170.893,170.423,170.183,170.140,170.327,170.743,171.387,172.110,172.737,173.107,173.257,173.190,172.983,172.657,172.317,171.970,171.690,171.473,171.317,171.233,171.260,171.393,171.583,171.720,171.850,171.887,171.883,171.800,171.747,171.710,171.773,171.960,172.277,172.617,172.913,173.107,173.153,173.073,172.923,172.717,172.557
171.983,171.880,171.657,171.353,171.113,170.977,170.910,170.870,170.873,170.937,171.023,171.083,171.090,171.137,171.347,171.690,172.053,172.393,172.793,173.223,173.543,173.663,173.637,173.537,173.460,173.437,173.537,173.813,174.163,174.487,174.570,174.377,173.760,172.843,171.860,171.117,170.643,170.413,170.387,170.590,171.023,171.687,172.433,173.083,173.473,173.630,173.567,173.353,173.027,172.680,172.337,172.057,171.843,171.687,171.603,171.630,171.763,171.950,172.083,172.207,172.240,172.230,172.150,172.100,172.070,172.130,172.310,172.617,172.947,173.240,173.433,173.487,173.417,173.280,173.090,172.940
172.397,172.293,172.067,171.753,171.500,171.347,171.263,171.213,171.213,171.277,171.357,171.407,171.403,171.440,171.640,171.967,172.320,172.653,173.047,173.470,173.783,173.907,173.883,173.790,173.727,173.723,173.843,174.127,174.480,174.803,174.877,174.660,174.010,173.063,172.053,171.293,170.817,170.597,170.583,170.807,171.257,171.937,172.700,173.373,173.790,173.963,173.903,173.683,173.347,173.000,172.660,172.383,172.167,172.010,171.930,171.960,172.093,172.277,172.407,172.520,172.547,172.530,172.453,172.410,172.387,172.450,172.627,172.927,173.247,173.533,173.723,173.783,173.720,173.593,173.413,173.273
172.773,172.663,172.423,172.097,171.827,171.663,171.570,171.513,171.507,171.563,171.640,171.683,171.677,171.703,171.890,172.200,172.543,172.870,173.257,173.673,173.983,174.110,174.090,174.003,173.950,173.967,174.103,174.400,174.757,175.083,175.150,174.910,174.223,173.240,172.207,171.433,170.953,170.737,170.737,170.977,171.447,172.147,172.933,173.630,174.067,174.250,174.193,173.970,173.630,173.280,172.943,172.670,172.457,172.300,172.220,172.250,172.387,172.570,172.697,172.800,172.817,172.793,172.720,172.687,172.673,172.737,172.907,173.197,173.510,173.790,173.983,174.050,174.000,173.883,173.713,173.580
173.103,172.990,172.743,172.403,172.120,171.940,171.833,171.767,171.753,171.810,171.880,171.920,171.903,171.923,172.097,172.393,172.723,173.043,173.423,173.837,174.147,174.277,174.260,174.180,174.140,174.177,174.330,174.637,175.000,175.330,175.387,175.120,174.397,173.383,172.323,171.533,171.047,170.843,170.860,171.117,171.600,172.317,173.127,173.850,174.313,174.510,174.457,174.227,173.883,173.530,173.193,172.923,172.710,172.557,172.477,172.510,172.647,172.830,172.953,173.050,173.060,173.030,172.957,172.927,172.923,172.993,173.163,173.447,173.750,174.023,174.213,174.283,174.240,174.133,173.977,173.853
173.403,173.283,173.023,172.667,172.367,172.173,172.060,171.987,171.970,172.020,172.087,172.120,172.097,172.107,172.267,172.550,172.873,173.187,173.560,173.967,174.277,174.407,174.393,174.320,174.297,174.353,174.530,174.847,175.217,175.547,175.593,175.300,174.540,173.497,172.413,171.607,171.117,170.923,170.957,171.230,171.727,172.460,173.290,174.037,174.523,174.733,174.683,174.450,174.103,173.753,173.420,173.150,172.933,172.777,172.700,172.740,172.880,173.063,173.180,173.270,173.270,173.237,173.167,173.147,173.150,173.223,173.390,173.667,173.963,174.233,174.423,174.497,174.460,174.360,174.213,174.097
173.673,173.547,173.277,172.903,172.590,172.380,172.257,172.177,172.157,172.203,172.263,172.293,172.263,172.267,172.413,172.683,172.997,173.307,173.673,174.073,174.377,174.510,174.500,174.437,174.427,174.503,174.697,175.023,175.400,175.733,175.773,175.457,174.660,173.583,172.480,171.663,171.177,170.990,171.037,171.323,171.833,172.580,173.427,174.197,174.707,174.933,174.887,174.650,174.297,173.947,173.620,173.353,173.137,172.980,172.903,172.943,173.083,173.267,173.387,173.470,173.467,173.427,173.360,173.343,173.357,173.437,173.603,173.870,174.157,174.420,174.610,174.687,174.660,174.570,174.433,174.323
173.920,173.780,173.493,173.107,172.783,172.563,172.430,172.343,172.320,172.363,172.420,172.443,172.407,172.400,172.537,172.793,173.097,173.400,173.760,174.160,174.463,174.600,174.590,174.533,174.537,174.637,174.847,175.183,175.563,175.897,175.930,175.587,174.760,173.657,172.533,171.707,171.217,171.040,171.100,171.400,171.927,172.687,173.550,174.340,174.870,175.110,175.067,174.823,174.467,174.113,173.793,173.530,173.317,173.160,173.087,173.130,173.273,173.457,173.573,173.650,173.637,173.590,173.523,173.517,173.540,173.627,173.790,174.053,174.333,174.593,174.780,174.863,174.843,174.763,174.633,174.530
174.137,173.990,173.690,173.290,172.950,172.720,172.577,172.490,172.463,172.507,172.557,172.573,172.527,172.510,172.637,172.887,173.187,173.487,173.840,174.230,174.530,174.667,174.663,174.613,174.633,174.750,174.977,175.317,175.700,176.033,176.060,175.697,174.843,173.717,172.580,171.743,171.257,171.087,171.157,171.467,172.003,172.777,173.653,174.460,175.010,175.260,175.223,174.977,174.620,174.267,173.950,173.690,173.477,173.323,173.250,173.293,173.437,173.620,173.737,173.807,173.790,173.740,173.677,173.677,173.713,173.807,173.970,174.223,174.493,174.747,174.933,175.023,175.013,174.940,174.820,174.723
174.327,174.173,173.863,173.450,173.100,172.860,172.713,172.620,172.590,172.627,172.673,172.687,172.637,172.617,172.730,172.967,173.257,173.553,173.900,174.287,174.583,174.723,174.720,174.677,174.707,174.840,175.083,175.433,175.820,176.153,176.170,175.787,174.907,173.763,172.613,171.773,171.287,171.130,171.213,171.537,172.080,172.857,173.743,174.563,175.133,175.393,175.360,175.110,174.750,174.400,174.090,173.837,173.623,173.467,173.393,173.440,173.583,173.767,173.883,173.950,173.927,173.870,173.810,173.817,173.863,173.967,174.133,174.380,174.640,174.887,175.073,175.167,175.160,175.093,174.983,174.897
174.503,174.340,174.017,173.593,173.237,172.990,172.837,172.740,172.710,172.743,172.783,172.787,172.730,172.703,172.810,173.037,173.320,173.613,173.953,174.333,174.623,174.763,174.760,174.727,174.770,174.920,175.173,175.527,175.917,176.247,176.257,175.857,174.963,173.810,172.657,171.813,171.330,171.180,171.270,171.600,172.147,172.930,173.820,174.650,175.230,175.503,175.477,175.230,174.870,174.520,174.213,173.963,173.753,173.597,173.523,173.570,173.713,173.897,174.013,174.077,174.047,173.983,173.927,173.940,174.000,174.107,174.277,174.517,174.773,175.017,175.203,175.300,175.300,175.240,175.137,175.053
174.660,174.490,174.157,173.723,173.357,173.103,172.947,172.850,172.817,172.847,172.880,172.880,172.817,172.783,172.880,173.100,173.380,173.670,174.003,174.377,174.663,174.803,174.800,174.770,174.823,174.990,175.257,175.613,175.997,176.320,176.320,175.910,175.007,173.850,172.700,171.860,171.387,171.247,171.347,171.680,172.227,173.007,173.897,174.730,175.320,175.600,175.577,175.330,174.970,174.623,174.320,174.073,173.867,173.713,173.643,173.690,173.833,174.017,174.130,174.190,174.153,174.090,174.033,174.053,174.120,174.237,174.407,174.643,174.893,175.133,175.317,175.413,175.420,175.370,175.280,175.207
174.800,174.623,174.280,173.837,173.467,173.210,173.050,172.950,172.917,172.947,172.977,172.970,172.900,172.863,172.957,173.170,173.447,173.730,174.057,174.420,174.700,174.837,174.830,174.807,174.870,175.047,175.317,175.670,176.053,176.370,176.367,175.947,175.043,173.893,172.753,171.923,171.457,171.327,171.433,171.770,172.317,173.090,173.973,174.800,175.393,175.677,175.660,175.417,175.063,174.723,174.427,174.183,173.977,173.827,173.757,173.803,173.943,174.123,174.237,174.290,174.253,174.187,174.133,174.160,174.233,174.357,174.527,174.757,175.000,175.233,175.420,175.520,175.530,175.487,175.403,175.337
174.927,174.743,174.390,173.943,173.570,173.313,173.150,173.050,173.017,173.043,173.070,173.060,172.987,172.947,173.030,173.240,173.510,173.790,174.107,174.460,174.733,174.867,174.863,174.847,174.920,175.103,175.377,175.723,176.097,176.403,176.393,175.973,175.077,173.947,172.823,172.010,171.553,171.433,171.543,171.880,172.420,173.180,174.047,174.863,175.453,175.740,175.730,175.493,175.147,174.810,174.520,174.283,174.083,173.937,173.867,173.910,174.047,174.223,174.337,174.387,174.347,174.277,174.227,174.257,174.337,174.463,174.633,174.860,175.097,175.327,175.507,175.610,175.627,175.593,175.520,175.460
175.043,174.850,174.490,174.037,173.667,173.407,173.247,173.150,173.120,173.147,173.167,173.153,173.077,173.033,173.113,173.317,173.583,173.857,174.163,174.507,174.770,174.900,174.893,174.880,174.960,175.150,175.423,175.763,176.127,176.423,176.410,175.990,175.110,174.003,172.910,172.117,171.673,171.560,171.673,172.007,172.537,173.280,174.127,174.927,175.510,175.797,175.790,175.557,175.220,174.893,174.613,174.380,174.187,174.043,173.977,174.017,174.150,174.323,174.437,174.483,174.440,174.367,174.317,174.347,174.433,174.567,174.737,174.957,175.187,175.410,175.587,175.687,175.710,175.683,175.620,175.567
175.143,174.947,174.583,174.130,173.760,173.503,173.347,173.253,173.227,173.250,173.270,173.250,173.173,173.130,173.207,173.403,173.663,173.930,174.227,174.557,174.813,174.937,174.930,174.920,175.003,175.193,175.463,175.797,176.150,176.433,176.417,176.003,175.150,174.077,173.020,172.250,171.823,171.717,171.830,172.157,172.673,173.393,174.213,174.990,175.560,175.840,175.837,175.613,175.290,174.973,174.703,174.480,174.290,174.150,174.083,174.127,174.257,174.423,174.530,174.570,174.523,174.450,174.407,174.443,174.533,174.667,174.833,175.047,175.267,175.483,175.657,175.760,175.787,175.763,175.707,175.660
175.230,175.033,174.670,174.223,173.857,173.607,173.453,173.367,173.340,173.363,173.380,173.360,173.283,173.240,173.313,173.507,173.757,174.013,174.297,174.617,174.863,174.980,174.970,174.963,175.050,175.243,175.507,175.827,176.163,176.433,176.413,176.010,175.187,174.153,173.137,172.397,171.990,171.893,172.007,172.323,172.820,173.513,174.303,175.053,175.607,175.880,175.880,175.667,175.357,175.053,174.793,174.577,174.393,174.260,174.200,174.240,174.363,174.523,174.627,174.663,174.613,174.543,174.500,174.537,174.623,174.757,174.923,175.130,175.343,175.550,175.720,175.820,175.850,175.833,175.787,175.747
175.317,175.117,174.750,174.310,173.953,173.713,173.567,173.483,173.460,173.483,173.500,173.480,173.407,173.363,173.433,173.617,173.860,174.107,174.377,174.680,174.917,175.030,175.020,175.013,175.100,175.290,175.547,175.853,176.173,176.430,176.407,176.020,175.230,174.247,173.277,172.570,172.180,172.087,172.197,172.503,172.983,173.647,174.400,175.117,175.650,175.917,175.920,175.717,175.417,175.127,174.880,174.677,174.503,174.373,174.313,174.350,174.467,174.620,174.717,174.750,174.700,174.630,174.590,174.627,174.717,174.847,175.007,175.203,175.410,175.610,175.773,175.870,175.903,175.893,175.857,175.823
175.877,175.677,175.320,174.890,174.550,174.317,174.180,174.103,174.087,174.110,174.123,174.100,174.027,173.987,174.057,174.233,174.467,174.700,174.960,175.247,175.470,175.573,175.563,175.560,175.647,175.830,176.077,176.370,176.673,176.913,176.887,176.517,175.767,174.833,173.913,173.243,172.873,172.787,172.893,173.187,173.643,174.273,174.990,175.670,176.177,176.433,176.440,176.250,175.967,175.693,175.460,175.267,175.100,174.977,174.920,174.953,175.063,175.207,175.303,175.333,175.287,175.217,175.180,175.213,175.300,175.427,175.583,175.773,175.967,176.157,176.310,176.407,176.440,176.437,176.407,176.380
176.667,176.470,176.120,175.703,175.377,175.157,175.027,174.953,174.937,174.960,174.973,174.953,174.883,174.847,174.910,175.080,175.300,175.527,175.770,176.043,176.250,176.350,176.340,176.340,176.423,176.600,176.833,177.110,177.397,177.623,177.600,177.247,176.537,175.653,174.787,174.153,173.807,173.727,173.830,174.107,174.540,175.137,175.813,176.457,176.937,177.180,177.187,177.007,176.740,176.480,176.260,176.077,175.920,175.803,175.750,175.783,175.890,176.027,176.113,176.140,176.093,176.030,175.993,176.027,176.110,176.233,176.383,176.560,176.743,176.923,177.073,177.167,177.200,177.197,177.173,177.153
177.547,177.357,177.017,176.620,176.307,176.100,175.977,175.913,175.903,175.927,175.940,175.917,175.850,175.813,175.877,176.040,176.250,176.463,176.690,176.947,177.143,177.237,177.223,177.223,177.307,177.477,177.697,177.957,178.227,178.437,178.410,178.077,177.410,176.583,175.770,175.177,174.850,174.777,174.877,175.140,175.547,176.107,176.740,177.343,177.793,178.023,178.030,177.863,177.617,177.377,177.170,176.997,176.850,176.740,176.690,176.717,176.817,176.943,177.027,177.050,177.003,176.943,176.910,176.943,177.020,177.137,177.280,177.450,177.623,177.793,177.933,178.023,178.057,178.060,178.040,178.023
178.387,178.200,177.873,177.493,177.200,177.007,176.893,176.833,176.823,176.850,176.863,176.843,176.780,176.747,176.807,176.957,177.153,177.350,177.563,177.803,177.990,178.077,178.067,178.067,178.147,178.307,178.513,178.757,179.007,179.203,179.177,178.863,178.240,177.470,176.710,176.157,175.850,175.783,175.877,176.123,176.507,177.030,177.623,178.187,178.610,178.827,178.833,178.677,178.443,178.220,178.027,177.867,177.727,177.623,177.577,177.603,177.697,177.813,177.893,177.913,177.870,177.810,177.780,177.813,177.890,178.000,178.133,178.290,178.453,178.613,178.747,178.830,178.863,178.867,178.853,178.840
179.260,179.083,178.773,178.413,178.140,177.960,177.857,177.800,177.793,177.817,177.830,177.810,177.750,177.717,177.773,177.917,178.103,178.290,178.490,178.713,178.883,178.963,178.950,178.950,179.023,179.177,179.373,179.600,179.833,180.013,179.990,179.697,179.117,178.397,177.690,177.173,176.890,176.827,176.913,177.147,177.503,177.993,178.543,179.070,179.463,179.667,179.673,179.530,179.313,179.103,178.923,178.773,178.647,178.550,178.507,178.530,178.617,178.727,178.800,178.820,178.777,178.720,178.690,178.720,178.793,178.897,179.023,179.170,179.323,179.473,179.597,179.677,179.707,179.713,179.700,179.690
180.130,179.963,179.670,179.333,179.077,178.910,178.813,178.763,178.757,178.780,178.790,178.773,178.717,178.687,178.737,178.870,179.043,179.217,179.403,179.610,179.770,179.843,179.833,179.837,179.907,180.047,180.227,180.437,180.653,180.820,180.797,180.527,179.990,179.323,178.667,178.187,177.923,177.867,177.950,178.167,178.497,178.947,179.457,179.947,180.317,180.507,180.513,180.377,180.177,179.983,179.817,179.677,179.557,179.470,179.430,179.453,179.530,179.633,179.700,179.720,179.680,179.627,179.600,179.627,179.693,179.790,179.910,180.050,180.190,180.327,180.440,180.513,180.543,180.550,180.543,180.537
180.970,180.810,180.537,180.227,179.990,179.833,179.743,179.700,179.697,179.717,179.723,179.707,179.657,179.630,179.677,179.800,179.963,180.127,180.297,180.487,180.633,180.703,180.693,180.693,180.760,180.890,181.060,181.253,181.453,181.607,181.583,181.333,180.837,180.223,179.617,179.173,178.930,178.880,178.957,179.157,179.460,179.877,180.347,180.800,181.140,181.317,181.323,181.200,181.017,180.837,180.683,180.553,180.443,180.360,180.320,180.340,180.413,180.510,180.573,180.590,180.553,180.507,180.483,180.510,180.570,180.660,180.767,180.897,181.027,181.157,181.263,181.333,181.363,181.367,181.357,181.347
181.853,181.707,181.453,181.167,180.947,180.803,180.720,180.680,180.677,180.697,180.703,180.687,180.640,180.617,180.663,180.777,180.927,181.073,181.233,181.410,181.547,181.607,181.597,181.597,181.660,181.780,181.937,182.113,182.297,182.437,182.417,182.187,181.730,181.163,180.603,180.193,179.970,179.923,179.997,180.180,180.463,180.847,181.283,181.697,182.013,182.173,182.183,182.067,181.897,181.730,181.590,181.473,181.373,181.297,181.260,181.277,181.343,181.430,181.490,181.507,181.473,181.427,181.403,181.430,181.487,181.570,181.670,181.790,181.910,182.027,182.123,182.187,182.217,182.223,182.220,182.213
182.680,182.547,182.313,182.043,181.840,181.707,181.633,181.593,181.590,181.607,181.617,181.603,181.560,181.537,181.580,181.687,181.827,181.963,182.110,182.270,182.393,182.450,182.443,182.447,182.503,182.613,182.757,182.920,183.090,183.217,183.200,182.987,182.567,182.043,181.530,181.153,180.947,180.900,180.967,181.137,181.400,181.753,182.153,182.533,182.823,182.973,182.983,182.880,182.723,182.570,182.437,182.327,182.233,182.167,182.137,182.153,182.213,182.293,182.347,182.360,182.327,182.287,182.267,182.290,182.343,182.420,182.513,182.620,182.733,182.843,182.933,182.990,183.017,183.023,183.020,183.013
183.530,183.407,183.190,182.943,182.757,182.637,182.567,182.530,182.527,182.547,182.557,182.543,182.503,182.480,182.520,182.617,182.747,182.870,183.003,183.150,183.267,183.320,183.313,183.313,183.367,183.470,183.603,183.753,183.907,184.023,184.007,183.810,183.427,182.947,182.477,182.130,181.940,181.900,181.960,182.117,182.357,182.683,183.050,183.400,183.667,183.807,183.813,183.717,183.570,183.430,183.310,183.210,183.123,183.060,183.030,183.047,183.103,183.177,183.227,183.237,183.210,183.170,183.150,183.170,183.220,183.293,183.380,183.480,183.583,183.683,183.767,183.820,183.843,183.850,183.847,183.843
184.350,184.233,184.033,183.807,183.637,183.527,183.463,183.430,183.427,183.443,183.450,183.437,183.400,183.383,183.420,183.510,183.627,183.740,183.863,184.000,184.107,184.153,184.143,184.147,184.197,184.293,184.413,184.550,184.690,184.797,184.780,184.600,184.247,183.810,183.377,183.060,182.883,182.847,182.900,183.043,183.263,183.563,183.903,184.227,184.473,184.600,184.607,184.517,184.383,184.253,184.143,184.050,183.973,183.917,183.890,183.903,183.953,184.020,184.067,184.077,184.053,184.017,184.000,184.017,184.063,184.130,184.210,184.300,184.393,184.483,184.560,184.610,184.633,184.640,184.637,184.633
185.153,185.047,184.863,184.653,184.497,184.393,184.337,184.307,184.303,184.317,184.323,184.313,184.280,184.263,184.297,184.380,184.487,184.593,184.707,184.830,184.923,184.967,184.960,184.963,185.007,185.093,185.203,185.330,185.460,185.560,185.547,185.383,185.060,184.657,184.260,183.967,183.807,183.773,183.827,183.960,184.160,184.433,184.743,185.040,185.263,185.377,185.383,185.303,185.183,185.063,184.960,184.877,184.807,184.757,184.730,184.743,184.790,184.853,184.893,184.903,184.880,184.847,184.830,184.847,184.890,184.950,185.020,185.103,185.190,185.277,185.347,185.393,185.413,185.420,185.417,185.413
185.977,185.880,185.710,185.517,185.370,185.280,185.230,185.203,185.200,185.213,185.220,185.210,185.177,185.163,185.193,185.270,185.367,185.463,185.567,185.680,185.767,185.807,185.800,185.803,185.843,185.923,186.023,186.140,186.260,186.353,186.340,186.190,185.890,185.520,185.157,184.890,184.743,184.710,184.757,184.880,185.067,185.320,185.603,185.873,186.077,186.183,186.190,186.117,186.003,185.893,185.800,185.723,185.660,185.613,185.590,185.600,185.643,185.700,185.740,185.747,185.727,185.697,185.683,185.697,185.733,185.790,185.857,185.933,186.010,186.087,186.153,186.197,186.217,186.220,186.217,186.213
186.747,186.657,186.503,186.330,186.200,186.113,186.063,186.037,186.037,186.050,186.057,186.047,186.020,186.007,186.033,186.100,186.187,186.277,186.373,186.480,186.560,186.597,186.590,186.590,186.627,186.700,186.793,186.900,187.010,187.093,187.080,186.940,186.667,186.330,185.997,185.753,185.620,185.593,185.637,185.747,185.917,186.147,186.403,186.650,186.837,186.937,186.943,186.877,186.773,186.673,186.587,186.517,186.457,186.413,186.393,186.403,186.443,186.493,186.527,186.533,186.513,186.487,186.477,186.493,186.530,186.580,186.640,186.710,186.780,186.850,186.910,186.950,186.967,186.970,186.967,186.963
